{
  "region": "us-east-1",
  "account_number": "464385227739",
  "department": "ta-wpdata",
  "channel": "transamerica.workplace",
  "application": "qs",
  "resource_contact": "TATechDataEngineeringDevTeam@transamerica.com",
  "resource_purpose": "Resource for qs",
  "billing_cost_center": "0701-TTA01370 WORKPLACE IT CLOUD PASSTHROUGH",
  "environment": "prd",
  "primary_lob": "Technology Services",
  "secondary_lob": "Technology Services",
  "application_tag": "APM0001899:WORKPLACE DATA PLATFORM",
  "bitbucket_repo": "http://bitbucket.us.aegon.com/projects/TAW/repos/transamerica.cloud.workplace.dataplatform.qsstats/browse",
  "jenkins_job": "https://jenkins.shared.ta.aegon.io/job/PROD_com.transamerica.mw.pipeline-terraform/",
  "unique_id" : ["qs-metric"],
  "script_location" : ["s3://${var.department}-daca-app-codefiles-${lower(var.environment)}/ETL_Job_DACA_SNOW_load.py","s3://${var.department}-daca-app-codefiles-${lower(var.environment)}/ETL_Job_DACA_JIRA_DataLoad.py"],
  "job_name" : ["QSDASHBOARD"],
  "py_files" : ["s3://ta-wpdata-${var.account_number}-us-east-1-${lower(var.environment)}-landing-retirement/deploy/qsdashboard.py"],
  "input_table_name":"hystorical",
  "s3_target_bucket_name":"ta-wpdata-464385227739-us-east-1-prd-curated-retirement",
  "s3_target_bucket_prefix":"dc/curated_model/apavul/qs_clogs/",
  "glue_job_role_arn":"arn:aws:iam::464385227739:role/iam-role-pyglue",
  "alert_topic_arn" : "",
  "create_alerts" : false,
  "continuous-log-logGroup" : "/aws-glue/jobs/",
  "glue_job_worker_type" : "G2X",
  "glue_job_number_of_workers" : "3",
   "additional_tags": {
    "initiative_id": "RTS-0000",
    "initiative_type": "RTS",
    "PrimaryLOB": "Business management",
    "Application": "XI000004242:Workplace DEV-TEST",
    "BitbucketRepository": "http://bitbucket.us.aegon.com/projects/TAW/repos/transamerica.cloud.workplace.dataplatform.qsstats/browse",
    "JenkinsJob": "https://jenkins.shared-dev.tanonprod.aegon.io/job/TA.Infrastructure/job/workplace-resources/job/tf-plan/job/ta-workplace-daca-dev/"
  },
  "iam_role_name": "iam-role-pyglue",
  "glue_iam_role_name": "ta-sharedservices-daca-glue",
  "initiative_id": "RTS-0000",
  "initiative_type": "RTS",
  "jenkins_job_iam": "https://jenkins.shared-dev.tanonprod.aegon.io/job/self-service/job/infrastructure/job/workplace/job/DEV_com.transamerica.mw.pipeline-terraform/"
}
